Name,Mean,MeanLB,MeanUB,Stddev,StddevLB,StddevUB
DOrder 2/sparse/identity/liftSmoothSeries,1.3543512057914287e-5,1.3400849418312355e-5,1.381029509060461e-5,6.600961333734056e-7,3.1727140757173305e-7,1.0631863282212706e-6
DOrder 2/sparse/identity/liftSmoothSerisAD,1.0320950221577348e-5,1.0267179842816246e-5,1.048635954971359e-5,2.8755691976730286e-7,1.205911657075973e-7,5.643734673624474e-7
DOrder 2/sparse/identity/liftSmoothSuccinctTower,3.854768645563786e-6,3.835160282852586e-6,3.912772760037379e-6,1.0779331666937604e-7,4.355326575244944e-8,2.099039985870429e-7
DOrder 2/sparse/exp x/liftSmoothSeries,1.4747083705604998e-5,1.4687155632388694e-5,1.4807785567665611e-5,2.0994958171475484e-7,1.6680318609420176e-7,2.913484986700118e-7
DOrder 2/sparse/exp x/liftSmoothSerisAD,1.0597985880451392e-5,1.0537419171038863e-5,1.0686196999016826e-5,2.508976535450071e-7,1.804199202349144e-7,3.5581975247736794e-7
DOrder 2/sparse/exp x/liftSmoothSuccinctTower,4.043485116075628e-6,4.021441540557224e-6,4.091332669196975e-6,1.052979696637676e-7,5.411545639760772e-8,1.8632579555184596e-7
DOrder 2/sparse/sin x * exp (x^2 + x)/liftSmoothSeries,2.2653186341579053e-5,2.2485157362389242e-5,2.29338604121121e-5,7.282026403722751e-7,4.634373263900348e-7,1.1807278490975514e-6
DOrder 2/sparse/sin x * exp (x^2 + x)/liftSmoothSerisAD,1.2961531957978515e-5,1.2917011235698788e-5,1.3010200653558116e-5,1.5794715570751025e-7,1.1385587577218699e-7,2.29906318062764e-7
DOrder 2/sparse/sin x * exp (x^2 + x)/liftSmoothSuccinctTower,4.482346758680681e-6,4.467960592423791e-6,4.494933310438887e-6,4.845735822361867e-8,3.9520763881214824e-8,5.9499997435650154e-8
DOrder 2/sparse/sin x * exp (y^2 + z)/liftSmoothSeries,9.282589366323675e-5,9.256767844779969e-5,9.312163344304294e-5,9.318294416255634e-7,7.476620547831608e-7,1.2303841375517984e-6
DOrder 2/sparse/sin x * exp (y^2 + z)/liftSmoothSerisAD,2.3125126704245226e-5,2.3024000116654328e-5,2.333294596998597e-5,4.422053467666022e-7,2.822353711836871e-7,6.52333816999337e-7
DOrder 2/sparse/sin x * exp (y^2 + z)/liftSmoothSuccinctTower,1.3576227084684099e-5,1.3446139516441854e-5,1.4088265861486468e-5,8.048358653401468e-7,1.0016605428481071e-7,1.6974689479980472e-6
DOrder 2/x + d/identity/liftSmoothSeries,1.550996340462577e-5,1.5445312368943624e-5,1.5616851167615347e-5,2.679751645889519e-7,1.3383654247093768e-7,4.967350308318497e-7
DOrder 2/x + d/identity/liftSmoothSerisAD,1.9792471505501156e-5,1.973003258360134e-5,1.9854835489575934e-5,2.136009019940361e-7,1.5937610147192e-7,2.8693467711520375e-7
DOrder 2/x + d/identity/liftSmoothSuccinctTower,7.806599993579842e-6,7.777713864914313e-6,7.833895529722616e-6,9.557684494975627e-8,7.791271373829219e-8,1.3368760479318398e-7
DOrder 2/x + d/exp x/liftSmoothSeries,1.710143975466588e-5,1.7069149779620803e-5,1.7131568758698496e-5,9.978815849903846e-8,7.720360617377754e-8,1.2994593056527215e-7
DOrder 2/x + d/exp x/liftSmoothSerisAD,2.078214608416402e-5,2.070718936993026e-5,2.094598774403928e-5,3.5578440229697e-7,1.057008994317179e-7,6.167902944904016e-7
DOrder 2/x + d/exp x/liftSmoothSuccinctTower,8.523735505825588e-6,8.500266949824206e-6,8.551189491371407e-6,8.241883214065256e-8,6.554028600662636e-8,1.141988001342177e-7
DOrder 2/x + d/sin x * exp (x^2 + x)/liftSmoothSeries,2.4887316363558672e-5,2.487153834051021e-5,2.49020870124066e-5,5.3051848272219576e-8,4.457726698773264e-8,6.616452007334472e-8
DOrder 2/x + d/sin x * exp (x^2 + x)/liftSmoothSerisAD,2.595631184203142e-5,2.5819537517694256e-5,2.615421018452245e-5,5.702924111690914e-7,3.6944926561435744e-7,8.323566499320497e-7
DOrder 2/x + d/sin x * exp (x^2 + x)/liftSmoothSuccinctTower,1.0915820427789072e-5,1.084447106716716e-5,1.106838274607034e-5,3.2468860097789105e-7,1.943507027913503e-7,4.804349320700826e-7
DOrder 2/x + d/sin x * exp (y^2 + z)/liftSmoothSeries,9.894366548787775e-5,9.863420133644835e-5,9.962976613499897e-5,1.5320703056862882e-6,6.802610084489226e-7,2.7104406412295458e-6
DOrder 2/x + d/sin x * exp (y^2 + z)/liftSmoothSerisAD,4.276723422753061e-5,4.2672141019881354e-5,4.287161871256407e-5,3.4213177063402186e-7,2.524831162716848e-7,5.272569741634196e-7
DOrder 2/x + d/sin x * exp (y^2 + z)/liftSmoothSuccinctTower,2.5970524154728464e-5,2.585669981906648e-5,2.6152797979278568e-5,4.648239967861091e-7,2.644506237331586e-7,7.162706356399868e-7
DOrder 2/dense/identity/liftSmoothSeries,1.551028010311079e-5,1.547789361353757e-5,1.55349874010111e-5,1.0023384867170323e-7,8.167315613870279e-8,1.1937327722117038e-7
DOrder 2/dense/identity/liftSmoothSerisAD,1.987018300119773e-5,1.9833583373317977e-5,1.9915161099962677e-5,1.362736003701793e-7,1.0154536882113669e-7,1.9232448303078367e-7
DOrder 2/dense/identity/liftSmoothSuccinctTower,7.860490954659926e-6,7.835318548771219e-6,7.941518948698906e-6,1.4342250469119866e-7,4.971178500557099e-8,2.864711517229813e-7
DOrder 2/dense/exp x/liftSmoothSeries,1.7188966201993463e-5,1.7117799908738984e-5,1.7319680624809684e-5,3.3258819371785073e-7,1.7242939551788658e-7,4.969128511672912e-7
DOrder 2/dense/exp x/liftSmoothSerisAD,2.1014323482841275e-5,2.075790348020478e-5,2.1969739137150224e-5,1.597238422119194e-6,1.663478438535026e-7,3.3803720417425328e-6
DOrder 2/dense/exp x/liftSmoothSuccinctTower,8.565973623557245e-6,8.535065570671333e-6,8.613191192668702e-6,1.2189081535722908e-7,8.783732147263346e-8,1.8363145645485492e-7
DOrder 2/dense/sin x * exp (x^2 + x)/liftSmoothSeries,2.505141295923406e-5,2.4948896097515952e-5,2.5248222593296513e-5,4.6008786731506225e-7,2.63795210289551e-7,7.495728873081863e-7
DOrder 2/dense/sin x * exp (x^2 + x)/liftSmoothSerisAD,2.5744687337687715e-5,2.5667629645372896e-5,2.6043007672564462e-5,4.39247253493923e-7,8.79514934871178e-8,9.040663619979154e-7
DOrder 2/dense/sin x * exp (x^2 + x)/liftSmoothSuccinctTower,1.0792777041685315e-5,1.0749320662727662e-5,1.095203515507194e-5,2.421524572918317e-7,1.032852993179126e-7,5.100429830917359e-7
DOrder 2/dense/sin x * exp (y^2 + z)/liftSmoothSeries,9.826733731422905e-5,9.792537286816136e-5,9.878526660515817e-5,1.4033270939707373e-6,8.456801947860503e-7,2.693238983383315e-6
DOrder 2/dense/sin x * exp (y^2 + z)/liftSmoothSerisAD,4.255059752279447e-5,4.238081298426121e-5,4.280764462671303e-5,7.078967242855071e-7,5.186494599157173e-7,9.914846591639315e-7
DOrder 2/dense/sin x * exp (y^2 + z)/liftSmoothSuccinctTower,2.589783151529825e-5,2.5732826635898723e-5,2.634308580999466e-5,7.975342474268522e-7,3.7448673640709937e-7,1.4929807793925716e-6
DOrder 3/sparse/identity/liftSmoothSeries,2.8546061428701766e-5,2.8450014637234066e-5,2.8661322875373633e-5,3.428925806689389e-7,2.66086501709706e-7,4.7149864853939585e-7
DOrder 3/sparse/identity/liftSmoothSerisAD,1.6369243588267794e-5,1.631444522663742e-5,1.6435439265250914e-5,2.084610183125067e-7,1.687954703622424e-7,2.8718134612308746e-7
DOrder 3/sparse/identity/liftSmoothSuccinctTower,4.243315322807954e-6,4.2282957248323835e-6,4.259388211321051e-6,5.3887856762288684e-8,4.669737246939398e-8,6.292457010824497e-8
DOrder 3/sparse/exp x/liftSmoothSeries,3.467723776495919e-5,3.452516462228736e-5,3.4904047144692606e-5,6.138022427495218e-7,4.3549235859409765e-7,8.625177945529552e-7
DOrder 3/sparse/exp x/liftSmoothSerisAD,1.7560314892486687e-5,1.7469038435454565e-5,1.7738900814845963e-5,4.447495253068753e-7,2.1474401834516068e-7,8.233679177222777e-7
DOrder 3/sparse/exp x/liftSmoothSuccinctTower,4.557312900300725e-6,4.531624646890841e-6,4.615587344980604e-6,1.245292887194791e-7,5.761777773589651e-8,2.3463617479064608e-7
DOrder 3/sparse/sin x * exp (x^2 + x)/liftSmoothSeries,5.4177312945701755e-5,5.403106548070429e-5,5.4653820596674914e-5,7.92614876491339e-7,3.112392087882275e-7,1.5480843016420772e-6
DOrder 3/sparse/sin x * exp (x^2 + x)/liftSmoothSerisAD,1.981139551390018e-5,1.9745331099810368e-5,2.0079012164907023e-5,3.798847909995387e-7,1.253615559343122e-7,8.188950038941116e-7
DOrder 3/sparse/sin x * exp (x^2 + x)/liftSmoothSuccinctTower,4.847488482405278e-6,4.826281240092342e-6,4.8663825505914985e-6,6.781064840414363e-8,5.83029703788623e-8,7.955689045961164e-8
DOrder 3/sparse/sin x * exp (y^2 + z)/liftSmoothSeries,4.937363029135573e-4,4.7672189930413327e-4,5.545010264511044e-4,1.0166100381797327e-4,2.0190777915197273e-5,2.0987384154221578e-4
DOrder 3/sparse/sin x * exp (y^2 + z)/liftSmoothSerisAD,3.136428401508288e-5,3.124868269148102e-5,3.157849740660173e-5,4.954991301122831e-7,2.983435095599193e-7,8.252401432666794e-7
DOrder 3/sparse/sin x * exp (y^2 + z)/liftSmoothSuccinctTower,1.432331176258556e-5,1.4292165931717209e-5,1.438887147590314e-5,1.3482055374403798e-7,7.601746645351047e-8,2.7005948240480313e-7
DOrder 3/x + d/identity/liftSmoothSeries,3.423405250475178e-5,3.407240948307263e-5,3.478748255959983e-5,9.010021374870499e-7,2.443769194818189e-7,1.838737465939904e-6
DOrder 3/x + d/identity/liftSmoothSerisAD,3.11217666413208e-5,3.0974401448952015e-5,3.1676388736853986e-5,7.942156587602052e-7,2.86602536066647e-7,1.5827694994646354e-6
DOrder 3/x + d/identity/liftSmoothSuccinctTower,9.435566386999974e-6,9.364683204435993e-6,9.601192452729316e-6,3.578489319363216e-7,1.341066289807175e-7,7.238877362441782e-7
DOrder 3/x + d/exp x/liftSmoothSeries,4.122210549049191e-5,4.1042140908664034e-5,4.148672162202623e-5,7.303755343865632e-7,4.946832876784217e-7,1.267777251454316e-6
DOrder 3/x + d/exp x/liftSmoothSerisAD,3.373391558848169e-5,3.3579811741964585e-5,3.395229494566535e-5,6.580243773498766e-7,4.234705831268405e-7,1.110104592426475e-6
DOrder 3/x + d/exp x/liftSmoothSuccinctTower,1.3110883866086955e-5,1.3068253216697773e-5,1.3184485714389956e-5,2.1073501929333305e-7,1.4068575258577767e-7,3.3917941052409626e-7
DOrder 3/x + d/sin x * exp (x^2 + x)/liftSmoothSeries,6.09555129331059e-5,6.0752651410103806e-5,6.115825382887217e-5,7.082282518142251e-7,5.554428536264645e-7,9.425721329877117e-7
DOrder 3/x + d/sin x * exp (x^2 + x)/liftSmoothSerisAD,4.50298802612792e-5,4.446300755693727e-5,4.5980141755818194e-5,2.5459734848263736e-6,1.370171843771128e-6,4.3980191191813714e-6
DOrder 3/x + d/sin x * exp (x^2 + x)/liftSmoothSuccinctTower,1.794496761307503e-5,1.785565990044519e-5,1.8015414855168016e-5,2.593254365074287e-7,2.095220570761507e-7,3.2464001596585725e-7
DOrder 3/x + d/sin x * exp (y^2 + z)/liftSmoothSeries,4.910219379420862e-4,4.875481452411387e-4,4.970730379546503e-4,1.5150492624576078e-5,8.857856570774178e-6,2.6574743707134752e-5
DOrder 3/x + d/sin x * exp (y^2 + z)/liftSmoothSerisAD,6.63450502067195e-5,6.607358745490231e-5,6.6765530490958e-5,1.1466741766018123e-6,7.262545663123041e-7,1.8433153377926181e-6
DOrder 3/x + d/sin x * exp (y^2 + z)/liftSmoothSuccinctTower,3.5603509380470696e-5,3.517154426999863e-5,3.7316816221363115e-5,2.6419281179205367e-6,8.093545148906498e-7,5.41105426356183e-6
DOrder 3/dense/identity/liftSmoothSeries,3.5955486694062436e-5,3.583240425378058e-5,3.61564661043805e-5,5.385679257816445e-7,3.8638949210597914e-7,7.697184831851974e-7
DOrder 3/dense/identity/liftSmoothSerisAD,4.131397592733985e-5,4.117950988225209e-5,4.144696451900838e-5,4.408111680041948e-7,3.51417663338567e-7,5.844293703460103e-7
DOrder 3/dense/identity/liftSmoothSuccinctTower,1.3362013629111682e-5,1.3304283683292115e-5,1.3411074487705174e-5,1.8136564630407657e-7,1.452616000775432e-7,2.3574228559752539e-7
DOrder 3/dense/exp x/liftSmoothSeries,4.197348719740948e-5,4.1349936510872154e-5,4.35564395482195e-5,3.1131532399988886e-6,1.0039926351194936e-6,5.770328798821496e-6
DOrder 3/dense/exp x/liftSmoothSerisAD,4.3997875908972136e-5,4.3827611911198326e-5,4.437276796017383e-5,8.008189426603383e-7,4.82189352213048e-7,1.3449854793085995e-6
DOrder 3/dense/exp x/liftSmoothSuccinctTower,1.51409564341227e-5,1.5093538652381663e-5,1.5183061375665633e-5,1.5559198530432666e-7,1.3411035325658958e-7,1.8761837265697837e-7
DOrder 3/dense/sin x * exp (x^2 + x)/liftSmoothSeries,6.119348974465649e-5,6.087481328466296e-5,6.162754458918539e-5,1.289815758232054e-6,9.336253785947881e-7,1.8003641719614899e-6
DOrder 3/dense/sin x * exp (x^2 + x)/liftSmoothSerisAD,5.272224632052374e-5,5.248712471857108e-5,5.295286768317766e-5,8.484165650039827e-7,7.298890447526231e-7,1.1339783023619278e-6
DOrder 3/dense/sin x * exp (x^2 + x)/liftSmoothSuccinctTower,2.0374971556245928e-5,2.0320798588744533e-5,2.0465023888056577e-5,2.476991389665538e-7,1.504960763097783e-7,4.441576322984725e-7
DOrder 3/dense/sin x * exp (y^2 + z)/liftSmoothSeries,4.8469945683291796e-4,4.827307986589542e-4,4.882395841251389e-4,8.741718935559219e-6,5.54475939942866e-6,1.497681939487482e-5
DOrder 3/dense/sin x * exp (y^2 + z)/liftSmoothSerisAD,9.07383266020133e-5,9.006565600639173e-5,9.201151395003253e-5,3.1000696338402106e-6,1.3010006792332025e-6,5.3006058601472755e-6
DOrder 3/dense/sin x * exp (y^2 + z)/liftSmoothSuccinctTower,4.0842402444667285e-5,4.065027374090871e-5,4.1157812926119994e-5,8.18103887184715e-7,4.6103342171983667e-7,1.3504086482308326e-6
DOrder 4/sparse/identity/liftSmoothSeries,6.16102757925389e-5,6.142194659077211e-5,6.179754457260964e-5,6.153096432930567e-7,4.6046030679487566e-7,8.23706595509931e-7
DOrder 4/sparse/identity/liftSmoothSerisAD,2.3878669246080297e-5,2.3764868481096295e-5,2.432839499707739e-5,6.352140244805998e-7,2.7328256451224615e-7,1.3258848040476943e-6
DOrder 4/sparse/identity/liftSmoothSuccinctTower,4.552608071159553e-6,4.531029686892889e-6,4.596627228295341e-6,9.355564273803121e-8,6.098552843042381e-8,1.526493512974412e-7
DOrder 4/sparse/exp x/liftSmoothSeries,7.777297103768926e-5,7.751143514569846e-5,7.801299377661116e-5,8.697291757341561e-7,6.928072667848623e-7,1.2191097269997441e-6
DOrder 4/sparse/exp x/liftSmoothSerisAD,2.4652358658086473e-5,2.4572514540723818e-5,2.4716331967501782e-5,2.474076673402568e-7,2.007815740484381e-7,3.3027302437198814e-7
DOrder 4/sparse/exp x/liftSmoothSuccinctTower,4.760366200130495e-6,4.739857000296277e-6,4.792487802158298e-6,8.380801056170012e-8,5.8061400659035084e-8,1.2656468165739543e-7
DOrder 4/sparse/sin x * exp (x^2 + x)/liftSmoothSeries,1.3993899563984936e-4,1.3945794767442345e-4,1.408889672686253e-4,2.235521974619866e-6,1.2727880081646164e-6,3.9771840400128244e-6
DOrder 4/sparse/sin x * exp (x^2 + x)/liftSmoothSerisAD,2.6613558342565783e-5,2.6520966484192187e-5,2.668071469571326e-5,2.888380277371309e-7,2.3396978828210869e-7,3.8424203278348315e-7
DOrder 4/sparse/sin x * exp (x^2 + x)/liftSmoothSuccinctTower,5.148736061506058e-6,5.128089183697408e-6,5.170616893857609e-6,6.81465514920114e-8,5.391255072843309e-8,9.718594946558866e-8
DOrder 4/sparse/sin x * exp (y^2 + z)/liftSmoothSeries,2.695030941400601e-3,2.6759823692338136e-3,2.7555022796607936e-3,1.0301571982400536e-4,4.098720969952495e-5,2.0114895856065742e-4
DOrder 4/sparse/sin x * exp (y^2 + z)/liftSmoothSerisAD,3.856326297185168e-5,3.839329381369588e-5,3.869114094437852e-5,4.961101039532049e-7,4.170634577260115e-7,6.187043684120986e-7
DOrder 4/sparse/sin x * exp (y^2 + z)/liftSmoothSuccinctTower,1.5181122051629961e-5,1.5124961369546675e-5,1.5229618989983252e-5,1.7573524872325023e-7,1.441323697133731e-7,2.2909575465576397e-7
DOrder 4/x + d/identity/liftSmoothSeries,6.892557902910499e-5,6.863422153385132e-5,6.91556266215581e-5,8.774838222193865e-7,7.29048925194023e-7,1.1321906904914284e-6
DOrder 4/x + d/identity/liftSmoothSerisAD,3.8317481212165885e-5,3.815714220918619e-5,3.847969345472798e-5,5.711802245632972e-7,4.325229439789072e-7,8.082226515010369e-7
DOrder 4/x + d/identity/liftSmoothSuccinctTower,9.82181640811101e-6,9.746852685262306e-6,9.99735167068594e-6,3.6991346286325005e-7,1.2063918674139059e-7,5.949639579442387e-7
DOrder 4/x + d/exp x/liftSmoothSeries,8.824950077384188e-5,8.784800888633967e-5,8.890836167236663e-5,1.6567010160676392e-6,1.1314226403981803e-6,2.790227506107017e-6
DOrder 4/x + d/exp x/liftSmoothSerisAD,4.4424424819189395e-5,4.434153812220204e-5,4.4717937478716366e-5,4.5851317716086027e-7,2.0611355963238683e-7,9.590392926599308e-7
DOrder 4/x + d/exp x/liftSmoothSuccinctTower,1.664207090733778e-5,1.650760499633874e-5,1.7048287400498453e-5,7.212823754295857e-7,2.051602635415465e-7,1.4733704324457975e-6
DOrder 4/x + d/sin x * exp (x^2 + x)/liftSmoothSeries,1.5288353564919027e-4,1.5213703481938782e-4,1.5383793991485099e-4,2.86764436956454e-6,2.349162869574689e-6,3.879871893892475e-6
DOrder 4/x + d/sin x * exp (x^2 + x)/liftSmoothSerisAD,6.049903722822473e-5,6.02452442773073e-5,6.085530837498399e-5,9.739115625529055e-7,7.293839324781574e-7,1.4009041298305699e-6
DOrder 4/x + d/sin x * exp (x^2 + x)/liftSmoothSuccinctTower,2.490363749830874e-5,2.474392625077058e-5,2.519594326847755e-5,7.342762349243609e-7,5.246774703240185e-7,1.1955220490095694e-6
DOrder 4/x + d/sin x * exp (y^2 + z)/liftSmoothSeries,2.8712370667373765e-3,2.8333373104804174e-3,2.9191235791827517e-3,1.5125023642344914e-4,1.0746028363755808e-4,2.2341068381658656e-4
DOrder 4/x + d/sin x * exp (y^2 + z)/liftSmoothSerisAD,8.362877544999033e-5,8.321817195469666e-5,8.426447201584204e-5,1.647132443680987e-6,8.89821426420902e-7,2.5511873385570316e-6
DOrder 4/x + d/sin x * exp (y^2 + z)/liftSmoothSuccinctTower,4.326975105703659e-5,4.3152063616834066e-5,4.355933708476618e-5,5.608459401511022e-7,1.1631785982969872e-7,9.800720066806522e-7
DOrder 4/dense/identity/liftSmoothSeries,7.568686987916343e-5,7.551832783768811e-5,7.608097945257646e-5,7.911817166046836e-7,4.009364581634222e-7,1.3069013990603587e-6
DOrder 4/dense/identity/liftSmoothSerisAD,7.340090419233709e-5,7.328188893949055e-5,7.358684833005705e-5,4.893263170073507e-7,3.0718782090136997e-7,7.199831779762792e-7
DOrder 4/dense/identity/liftSmoothSuccinctTower,1.9339785489080987e-5,1.919929936024742e-5,1.970752678187662e-5,7.615687846818062e-7,1.5462318798122182e-7,1.5726049653092694e-6
DOrder 4/dense/exp x/liftSmoothSeries,9.21637828960482e-5,9.183454274966928e-5,9.378633656402245e-5,2.089881221954388e-6,1.627563927574907e-7,4.779356533024048e-6
DOrder 4/dense/exp x/liftSmoothSerisAD,7.713766611135389e-5,7.704645141474363e-5,7.731870793145159e-5,4.187582968767513e-7,2.0130295499690066e-7,6.863290382122278e-7
DOrder 4/dense/exp x/liftSmoothSuccinctTower,2.2587621726898753e-5,2.248773375805436e-5,2.274153909028854e-5,4.4232784133659233e-7,3.238452112555078e-7,6.052603704408233e-7
DOrder 4/dense/sin x * exp (x^2 + x)/liftSmoothSeries,1.5437980826488176e-4,1.534581448772851e-4,1.5585648019696168e-4,3.864955304528525e-6,2.88046113422522e-6,4.96089583177159e-6
DOrder 4/dense/sin x * exp (x^2 + x)/liftSmoothSerisAD,9.505011537795691e-5,9.36732438189549e-5,9.889918546802905e-5,7.362875383528788e-6,2.216437598827574e-6,1.5772893431087868e-5
DOrder 4/dense/sin x * exp (x^2 + x)/liftSmoothSuccinctTower,3.0876983223417106e-5,3.083234589019824e-5,3.094946717104244e-5,1.8295858417427292e-7,9.553318663968911e-8,2.8067210436182346e-7
DOrder 4/dense/sin x * exp (y^2 + z)/liftSmoothSeries,2.847510058301671e-3,2.815537175236686e-3,2.9233040851283794e-3,1.4534256509212326e-4,1.8036925056146323e-5,2.563809503891489e-4
DOrder 4/dense/sin x * exp (y^2 + z)/liftSmoothSerisAD,1.7305512864812902e-4,1.7189549111812382e-4,1.752232949310748e-4,4.8683820803586795e-6,3.3371140904019267e-6,7.181986581315725e-6
DOrder 4/dense/sin x * exp (y^2 + z)/liftSmoothSuccinctTower,5.638172196700379e-5,5.6268275093283206e-5,5.6617525504132665e-5,5.729455969011213e-7,2.389856878847667e-7,9.140017674972351e-7
DOrder 3 |*| DOrder 4/sparse/identity/liftSmoothSeries,7.376762353027029e-4,7.287166977953226e-4,7.675679096796948e-4,5.4023407832281944e-5,1.0134237736348377e-5,1.1327791036099821e-4
DOrder 3 |*| DOrder 4/sparse/identity/liftSmoothSerisAD,1.3403066766874634e-4,1.333341936281036e-4,1.3614353383317997e-4,3.6487811099182804e-6,1.4880530732570886e-6,7.001802329209964e-6
DOrder 3 |*| DOrder 4/sparse/identity/liftSmoothSuccinctTower,1.0566565363154984e-5,1.0542528152413256e-5,1.0610979297411887e-5,1.054710473126377e-7,6.533687578290467e-8,1.659624655865496e-7
DOrder 3 |*| DOrder 4/sparse/exp x/liftSmoothSeries,1.0100362307951163e-3,1.00076026544643e-3,1.0377891468378103e-3,5.892573256005828e-5,5.705570048291435e-6,1.136106973644957e-4
DOrder 3 |*| DOrder 4/sparse/exp x/liftSmoothSerisAD,1.3418607663580678e-4,1.338264510146232e-4,1.347751266827251e-4,1.5266937031292793e-6,1.002019101832194e-6,2.418614313633431e-6
DOrder 3 |*| DOrder 4/sparse/exp x/liftSmoothSuccinctTower,1.0950636434989631e-5,1.0931429090164607e-5,1.097064133400536e-5,6.53537252702091e-8,4.9263836584746996e-8,8.863740875021295e-8
DOrder 3 |*| DOrder 4/sparse/sin x * exp (x^2 + x)/liftSmoothSeries,2.214144522416965e-3,2.1935993837930608e-3,2.268957196185449e-3,1.0131087462833306e-4,2.4006636955913103e-5,2.1652055967766526e-4
DOrder 3 |*| DOrder 4/sparse/sin x * exp (x^2 + x)/liftSmoothSerisAD,1.370053103668912e-4,1.3642358782631553e-4,1.384984536695554e-4,2.824480871769532e-6,1.2432431286982874e-6,5.145632882774892e-6
DOrder 3 |*| DOrder 4/sparse/sin x * exp (x^2 + x)/liftSmoothSuccinctTower,1.2376910326846949e-5,1.233524270866603e-5,1.2462576012533095e-5,1.8317215672527906e-7,9.09306586550997e-8,3.5349667546742295e-7
DOrder 3 |*| DOrder 4/sparse/sin x * exp (y^2 + z)/liftSmoothSeries,0.1454031985199603,0.1446053523411111,0.14631682677333332,1.4365871764625557e-3,1.1534197228471072e-3,1.8710673264982728e-3
DOrder 3 |*| DOrder 4/sparse/sin x * exp (y^2 + z)/liftSmoothSerisAD,1.529270955161433e-4,1.5254001123589272e-4,1.5431474396819446e-4,2.155216798113379e-6,7.566006605648185e-7,4.723682100718048e-6
DOrder 3 |*| DOrder 4/sparse/sin x * exp (y^2 + z)/liftSmoothSuccinctTower,3.0170276418883037e-5,3.0087652993417993e-5,3.0302855769149058e-5,3.451183677372796e-7,1.9604040661924455e-7,6.155484297003399e-7
DOrder 3 |*| DOrder 4/x + d/identity/liftSmoothSeries,7.853213588491843e-4,7.73349435284369e-4,8.179357049301945e-4,6.293443096706292e-5,2.218367250275562e-5,1.247680740255589e-4
DOrder 3 |*| DOrder 4/x + d/identity/liftSmoothSerisAD,1.565896291194962e-4,1.5623618974267817e-4,1.5691551005204152e-4,1.095235771647086e-6,8.37021263041353e-7,1.5294414112351856e-6
DOrder 3 |*| DOrder 4/x + d/identity/liftSmoothSuccinctTower,2.1679466949864196e-5,2.1283875642292137e-5,2.286105131552059e-5,2.1509895956711015e-6,6.831568551778841e-7,4.689958139482066e-6
DOrder 3 |*| DOrder 4/x + d/exp x/liftSmoothSeries,1.064266040838384e-3,1.0529828235235471e-3,1.1080551592716563e-3,6.831953120952288e-5,1.847325662488591e-5,1.4034277277995416e-4
DOrder 3 |*| DOrder 4/x + d/exp x/liftSmoothSerisAD,1.6953140360878702e-4,1.690777345789363e-4,1.7039664119366835e-4,2.078960420486622e-6,9.748392722146146e-7,3.3534433255649675e-6
DOrder 3 |*| DOrder 4/x + d/exp x/liftSmoothSuccinctTower,3.3752604140508275e-5,3.3632790897559974e-5,3.392419606315859e-5,4.93130515038236e-7,3.8100226553279214e-7,7.61267759086755e-7
DOrder 3 |*| DOrder 4/x + d/sin x * exp (x^2 + x)/liftSmoothSeries,2.2580148762991414e-3,2.2387942282645176e-3,2.3203881738777746e-3,9.887036208091918e-5,4.2571080612076696e-5,2.0544535346323563e-4
DOrder 3 |*| DOrder 4/x + d/sin x * exp (x^2 + x)/liftSmoothSerisAD,1.920574001901991e-4,1.912637883172876e-4,1.932966088490534e-4,3.5021612344653183e-6,2.288248103467826e-6,5.796630388109574e-6
DOrder 3 |*| DOrder 4/x + d/sin x * exp (x^2 + x)/liftSmoothSuccinctTower,4.3944408514257596e-5,4.376351364452471e-5,4.411398394891083e-5,6.078644548425835e-7,4.942488686929946e-7,8.64653007781655e-7
DOrder 3 |*| DOrder 4/x + d/sin x * exp (y^2 + z)/liftSmoothSeries,0.1464762322677381,0.145767249185,0.1475343104690476,1.4981209551593105e-3,6.34701502768723e-4,2.3675524143563376e-3
DOrder 3 |*| DOrder 4/x + d/sin x * exp (y^2 + z)/liftSmoothSerisAD,2.2413204612908898e-4,2.233632777072273e-4,2.247581801287495e-4,2.263419111286714e-6,1.912258459694327e-6,2.7598775542906832e-6
DOrder 3 |*| DOrder 4/x + d/sin x * exp (y^2 + z)/liftSmoothSuccinctTower,6.944802174256016e-5,6.917895405199097e-5,6.98035956520926e-5,1.06090343117214e-6,6.692606889471686e-7,1.6897455856845955e-6
DOrder 3 |*| DOrder 4/dense/identity/liftSmoothSeries,1.278152381705404e-3,1.264971993127989e-3,1.308186871958916e-3,6.599303829216127e-5,1.547750346381106e-5,1.1075336172699528e-4
DOrder 3 |*| DOrder 4/dense/identity/liftSmoothSerisAD,6.056735020923422e-4,5.975918706795501e-4,6.359889594055425e-4,4.3778440964955495e-5,7.49386716918967e-6,9.10098079788932e-5
DOrder 3 |*| DOrder 4/dense/identity/liftSmoothSuccinctTower,1.0291318927590827e-4,1.0248721160115063e-4,1.0364022924017702e-4,1.8391272110994184e-6,1.1129481919951068e-6,2.8084939318560322e-6
DOrder 3 |*| DOrder 4/dense/exp x/liftSmoothSeries,1.5769622242732715e-3,1.5592049634190288e-3,1.6183456500236668e-3,8.586080076049789e-5,4.946815166524277e-5,1.4222731500509642e-4
DOrder 3 |*| DOrder 4/dense/exp x/liftSmoothSerisAD,6.479009793821674e-4,6.404538510593823e-4,6.738927101098793e-4,4.2628664083959765e-5,1.0431783418284708e-5,8.84181565249188e-5
DOrder 3 |*| DOrder 4/dense/exp x/liftSmoothSuccinctTower,1.2563742124527938e-4,1.247981205023754e-4,1.2727549088513887e-4,3.911264583290286e-6,1.8264975210530895e-6,8.409991022797663e-6
DOrder 3 |*| DOrder 4/dense/sin x * exp (x^2 + x)/liftSmoothSeries,2.876580406078657e-3,2.848985925620082e-3,2.965127305971512e-3,1.3321390157746137e-4,4.837303326373727e-5,2.7557902782476997e-4
DOrder 3 |*| DOrder 4/dense/sin x * exp (x^2 + x)/liftSmoothSerisAD,7.936155480702703e-4,7.850374011608389e-4,8.345206316089436e-4,5.214726856615001e-5,9.232354841201855e-6,1.1733337414877141e-4
DOrder 3 |*| DOrder 4/dense/sin x * exp (x^2 + x)/liftSmoothSuccinctTower,1.8309847755233606e-4,1.8255105793822825e-4,1.835975345583337e-4,1.9077630544582327e-6,1.607252143168588e-6,2.364361483930089e-6
DOrder 3 |*| DOrder 4/dense/sin x * exp (y^2 + z)/liftSmoothSeries,0.1670646449377381,0.16544034272190475,0.17110421865,3.971966373517803e-3,1.4323788186481885e-3,6.516126304063015e-3
DOrder 3 |*| DOrder 4/dense/sin x * exp (y^2 + z)/liftSmoothSerisAD,1.5887722825549226e-3,1.576228279020725e-3,1.6295585587528154e-3,6.93143754371718e-5,2.395433632504001e-5,1.385882410184279e-4
DOrder 3 |*| DOrder 4/dense/sin x * exp (y^2 + z)/liftSmoothSuccinctTower,2.537134857638361e-4,2.528732351414215e-4,2.5501181965270734e-4,3.6355719114734675e-6,2.625678145883865e-6,5.412316774227104e-6
"R[x,y]/(x^3 - y^2, y^3)/sparse/identity/liftSmoothSeries",1.0806726326909986e-2,1.0740608128415664e-2,1.097851296189253e-2,2.724961989825383e-4,1.0018850901831179e-4,5.300869721529276e-4
"R[x,y]/(x^3 - y^2, y^3)/sparse/identity/liftSmoothSerisAD",2.3599468446300378e-4,2.3547197114487823e-4,2.3715659622463244e-4,2.5748211707122326e-6,1.4969312972429902e-6,4.086845386223456e-6
"R[x,y]/(x^3 - y^2, y^3)/sparse/identity/liftSmoothSuccinctTower",9.497246471590539e-6,9.458893326707932e-6,9.574871618880633e-6,1.9425277915910988e-7,8.473957178963045e-8,3.759569859969082e-7
"R[x,y]/(x^3 - y^2, y^3)/sparse/exp x/liftSmoothSeries",1.640710046335336e-2,1.6245001322583368e-2,1.6750783752544365e-2,5.66266488607225e-4,1.3597008133957333e-4,9.117397290973414e-4
"R[x,y]/(x^3 - y^2, y^3)/sparse/exp x/liftSmoothSerisAD",2.3895536642148534e-4,2.3723704996665276e-4,2.460050328831323e-4,1.017354334616281e-5,2.6667186724878107e-6,2.264149749965694e-5
"R[x,y]/(x^3 - y^2, y^3)/sparse/exp x/liftSmoothSuccinctTower",9.8824423393038e-6,9.819096359642742e-6,1.001111188151875e-5,3.0802362800314504e-7,1.761235333311299e-7,4.5429630055183133e-7
"R[x,y]/(x^3 - y^2, y^3)/sparse/sin x * exp (x^2 + x)/liftSmoothSeries",4.344278860431402e-2,4.3147605243150186e-2,4.406869922816628e-2,9.145050954218456e-4,4.4252319030191567e-4,1.515672836662295e-3
"R[x,y]/(x^3 - y^2, y^3)/sparse/sin x * exp (x^2 + x)/liftSmoothSerisAD",2.4000010024794653e-4,2.3878801960376583e-4,2.4195332917136255e-4,5.37176507674578e-6,3.2259230337378833e-6,8.199566057313853e-6
"R[x,y]/(x^3 - y^2, y^3)/sparse/sin x * exp (x^2 + x)/liftSmoothSuccinctTower",1.118779619941415e-5,1.1153177976422338e-5,1.1212793143118139e-5,1.0022230121633455e-7,7.88723756732965e-8,1.2571836476026804e-7
"R[x,y]/(x^3 - y^2, y^3)/sparse/sin x * exp (y^2 + z)/liftSmoothSeries",9.028109660082421,9.015835634595,9.050405644637777,2.7776874722332923e-2,1.4988217314325564e-2,4.3431619930867554e-2
"R[x,y]/(x^3 - y^2, y^3)/sparse/sin x * exp (y^2 + z)/liftSmoothSerisAD",2.5600726439509164e-4,2.5501996571143095e-4,2.582256670877252e-4,4.958656716302935e-6,2.4518877544954398e-6,9.184761004923154e-6
"R[x,y]/(x^3 - y^2, y^3)/sparse/sin x * exp (y^2 + z)/liftSmoothSuccinctTower",2.757625306226337e-5,2.7409844145251297e-5,2.789985370494533e-5,7.179794496628463e-7,3.9006876273881084e-7,1.1878723327068485e-6
"R[x,y]/(x^3 - y^2, y^3)/x + d/identity/liftSmoothSeries",1.1333377944148888e-2,1.1252722508507153e-2,1.151754697725482e-2,3.1758793998156137e-4,1.8242389724000796e-4,5.078467342734239e-4
"R[x,y]/(x^3 - y^2, y^3)/x + d/identity/liftSmoothSerisAD",2.597594052114403e-4,2.5888700149767554e-4,2.617390687560565e-4,4.333434228564424e-6,1.5567572952352709e-6,7.045564105161234e-6
"R[x,y]/(x^3 - y^2, y^3)/x + d/identity/liftSmoothSuccinctTower",1.8671778635207367e-5,1.85830633724596e-5,1.893285329290647e-5,4.681292208566601e-7,2.0644845865414392e-7,1.0331806375359058e-6
"R[x,y]/(x^3 - y^2, y^3)/x + d/exp x/liftSmoothSeries",1.6809460852160438e-2,1.670111620821511e-2,1.705895191388884e-2,3.8015002523720035e-4,1.6289704925318406e-4,7.232085409065702e-4
"R[x,y]/(x^3 - y^2, y^3)/x + d/exp x/liftSmoothSerisAD",2.6432255019038825e-4,2.6339140019159213e-4,2.67099265860195e-4,4.681737728077468e-6,2.0550970370801617e-6,9.627403164916527e-6
"R[x,y]/(x^3 - y^2, y^3)/x + d/exp x/liftSmoothSuccinctTower",2.430032178030748e-5,2.425290228840144e-5,2.4350724561999126e-5,1.5795388174502552e-7,1.2233598969431453e-7,2.055400223081767e-7
"R[x,y]/(x^3 - y^2, y^3)/x + d/sin x * exp (x^2 + x)/liftSmoothSeries",4.4103253505258636e-2,4.3808367867466426e-2,4.466464859191087e-2,8.132608651202313e-4,3.9413125558397747e-4,1.339848356548105e-3
"R[x,y]/(x^3 - y^2, y^3)/x + d/sin x * exp (x^2 + x)/liftSmoothSerisAD",2.83728712025362e-4,2.8234067395221425e-4,2.8633608757239735e-4,6.355508193441669e-6,4.0450603058012634e-6,1.011113251987009e-5
"R[x,y]/(x^3 - y^2, y^3)/x + d/sin x * exp (x^2 + x)/liftSmoothSuccinctTower",3.149738219789326e-5,3.1461077087427854e-5,3.156597976599664e-5,1.6377329266716923e-7,1.2244756793752963e-7,2.4966485682418144e-7
"R[x,y]/(x^3 - y^2, y^3)/x + d/sin x * exp (y^2 + z)/liftSmoothSeries",9.165622434510912,9.131309048987223,9.218353046557223,6.687038315557137e-2,3.855824114258474e-2,9.964353302861846e-2
"R[x,y]/(x^3 - y^2, y^3)/x + d/sin x * exp (y^2 + z)/liftSmoothSerisAD",3.2347711783162984e-4,3.142716531531278e-4,3.56059003007236e-4,5.411015794178463e-5,9.67345651068475e-6,1.1209422241305722e-4
"R[x,y]/(x^3 - y^2, y^3)/x + d/sin x * exp (y^2 + z)/liftSmoothSuccinctTower",5.592957944312642e-5,5.54324221500357e-5,5.6616858099241845e-5,1.980675832040658e-6,1.2411942056068965e-6,2.9124317644235977e-6
"R[x,y]/(x^3 - y^2, y^3)/dense/identity/liftSmoothSeries",1.5182358904234996e-2,1.5094570617840995e-2,1.5453483032081161e-2,3.3318669420622464e-4,1.3117585388558366e-4,6.265698905813914e-4
"R[x,y]/(x^3 - y^2, y^3)/dense/identity/liftSmoothSerisAD",4.928373846762975e-4,4.910450018756799e-4,4.955244517536102e-4,7.692040817663204e-6,4.711080205673419e-6,1.1839697714358527e-5
"R[x,y]/(x^3 - y^2, y^3)/dense/identity/liftSmoothSuccinctTower",7.310413829197552e-5,7.215285360646214e-5,7.488699064281343e-5,4.5439129715405234e-6,3.1795307373086175e-6,6.869221896865734e-6
"R[x,y]/(x^3 - y^2, y^3)/dense/exp x/liftSmoothSeries",2.18519082085147e-2,2.1494546740522594e-2,2.264476184765873e-2,1.1311220530755132e-3,6.863847444975678e-4,1.856740010396471e-3
"R[x,y]/(x^3 - y^2, y^3)/dense/exp x/liftSmoothSerisAD",6.023732878611342e-4,5.938469760891429e-4,6.269802301616615e-4,4.537843340767163e-5,1.9207370016861248e-5,9.399307646787251e-5
"R[x,y]/(x^3 - y^2, y^3)/dense/exp x/liftSmoothSuccinctTower",1.576534943143528e-4,1.5593558090473762e-4,1.6150240119684444e-4,8.242749552202822e-6,4.481439977242858e-6,1.5907743290605174e-5
"R[x,y]/(x^3 - y^2, y^3)/dense/sin x * exp (x^2 + x)/liftSmoothSeries",5.033927368376663e-2,4.9829674186064724e-2,5.1866243570011336e-2,1.5833265185185347e-3,6.923873819820631e-4,2.6905502851254995e-3
"R[x,y]/(x^3 - y^2, y^3)/dense/sin x * exp (x^2 + x)/liftSmoothSerisAD",9.992124777610243e-4,9.838348073706845e-4,1.0410694232582405e-3,7.902856300181271e-5,3.997347788502903e-5,1.4345783365533513e-4
"R[x,y]/(x^3 - y^2, y^3)/dense/sin x * exp (x^2 + x)/liftSmoothSuccinctTower",3.394616357270327e-4,3.3741210957132927e-4,3.444794725121273e-4,1.0282951820467437e-5,4.247118952609652e-6,2.1507242446602016e-5
"R[x,y]/(x^3 - y^2, y^3)/dense/sin x * exp (y^2 + z)/liftSmoothSeries",9.780008800102063,9.750786040737777,9.809645465373332,5.0782922792560824e-2,3.7253048311207196e-2,6.581426397566814e-2
"R[x,y]/(x^3 - y^2, y^3)/dense/sin x * exp (y^2 + z)/liftSmoothSerisAD",1.3778857065499266e-3,1.3511009655310829e-3,1.4773267227779741e-3,1.4445117469030416e-4,2.625490718550777e-5,3.0553329510948354e-4
"R[x,y]/(x^3 - y^2, y^3)/dense/sin x * exp (y^2 + z)/liftSmoothSuccinctTower",4.036007428581708e-4,4.0178351634258675e-4,4.0810209848583963e-4,8.501218675810197e-6,4.300060386960168e-6,1.5746914930336593e-5
